Workbook

Sheet README
A1: LFX Mentorship - QA Use Cases (first pass)
A2: Scope: frontend + BFF in lfx-self-serve (apps/lfx-one/src/app/modules/mentorship and apps/lfx-one/src/server/**/mentorship*). Backend lfx-mentorship was not available; its behaviour is inferred from BFF calls. Anything unconfirmed is in 'Open Questions'.
A3: Source of truth: the current lfx-self-serve code. The spec-kit docs (specs/011, specs/012) were removed as outdated, so expected results describe what the code does today.
A5: How to use
A6: 1. Each area sheet has one row per scenario, grouped by use case (UC ID). Alternating shading marks use-case groups.
A7: 2. Fill the yellow columns while testing: Status (dropdown), Tester, Date, Jira / Bug, Notes. The Summary sheet recalculates.
A8: 3. Type: Happy = main flow; Negative = validation and error handling; Edge = boundaries, state and race conditions; Security = authz, IDOR, impersonation, injection, redaction.
A9: 4. Priority defaults: Happy and Security = P1, Negative = P2, Edge = P3, with some overrides. Adjust freely.
A10: 5. Scenarios referencing 'finding F-xx' cover a possible bug, UX gap or open product question. See the Findings sheet and confirm the expected result before marking Pass or Fail.
A11: 6. 'API:' scenarios are run directly against the BFF (curl, Postman, or browser devtools) with a valid session cookie.
A12: 7. Endpoints sheet: all 61 BFF endpoints. Use it for BFF-02/03/09: test each as the correct role, a wrong role or another user's ids, and while impersonating.
A14: Test data / accounts needed
... A25: - Commands: yarn start | yarn test:server | yarn test:app | yarn e2e

Sheet Summary
A1: LFX Mentorship - QA Use Case Coverage
A2: All counts are live formulas over the area sheets; update Status columns and this page recalculates.
A4: Area | B4: Use Cases | C4: Scenarios | D4: Happy | E4: Negative | F4: Edge | G4: Security | H4: P1 | I4: P2 | J4: P3 | K4: Not Run | L4: Pass | M4: Fail | N4: Blocked | O4: N/A | P4: Executed % | Q4: Pass % (of executed)
A5: Admin | B5: =SUMPRODUCT((Admin!$B$2:$B$1000<>"")/COUNTIF(Admin!$B$2:$B$1000,Admin!$B$2:$B$1000&"")) -> 23 | C5: =COUNTA(Admin!$A$2:$A$1000) -> 189 | D5: =COUNTIF(Admin!$F$2:$F$1000,"Happy") -> 50 | E5: =COUNTIF(Admin!$F$2:$F$1000,"Negative") -> 69 | F5: =COUNTIF(Admin!$F$2:$F$1000,"Edge") -> 58 | G5: =COUNTIF(Admin!$F$2:$F$1000,"Security") -> 12 | H5: =COUNTIF(Admin!$I$2:$I$1000,"P1") -> 60 | I5: =COUNTIF(Admin!$I$2:$I$1000,"P2") -> 76 | J5: =COUNTIF(Admin!$I$2:$I$1000,"P3") -> 53 | K5: =COUNTIF(Admin!$K$2:$K$1000,"Not Run") -> 189 | L5: =COUNTIF(Admin!$K$2:$K$1000,"Pass") -> 0 | M5: =COUNTIF(Admin!$K$2:$K$1000,"Fail") -> 0 | N5: =COUNTIF(Admin!$K$2:$K$1000,"Blocked") -> 0 | O5: =COUNTIF(Admin!$K$2:$K$1000,"N/A") -> 0 | P5: =IF(C5-O5=0,0,(L5+M5)/(C5-O5)) -> 0 | Q5: =IF(L5+M5=0,0,L5/(L5+M5)) -> 0
A6: Mentor | B6: =SUMPRODUCT((Mentor!$B$2:$B$1000<>"")/COUNTIF(Mentor!$B$2:$B$1000,Mentor!$B$2:$B$1000&"")) -> 16 | C6: =COUNTA(Mentor!$A$2:$A$1000) -> 110 | D6: =COUNTIF(Mentor!$F$2:$F$1000,"Happy") -> 31 | E6: =COUNTIF(Mentor!$F$2:$F$1000,"Negative") -> 30 | F6: =COUNTIF(Mentor!$F$2:$F$1000,"Edge") -> 34 | G6: =COUNTIF(Mentor!$F$2:$F$1000,"Security") -> 15 | H6: =COUNTIF(Mentor!$I$2:$I$1000,"P1") -> 46 | I6: =COUNTIF(Mentor!$I$2:$I$1000,"P2") -> 36 | J6: =COUNTIF(Mentor!$I$2:$I$1000,"P3") -> 28 | K6: =COUNTIF(Mentor!$K$2:$K$1000,"Not Run") -> 110 | L6: =COUNTIF(Mentor!$K$2:$K$1000,"Pass") -> 0 | M6: =COUNTIF(Mentor!$K$2:$K$1000,"Fail") -> 0 | N6: =COUNTIF(Mentor!$K$2:$K$1000,"Blocked") -> 0 | O6: =COUNTIF(Mentor!$K$2:$K$1000,"N/A") -> 0 | P6: =IF(C6-O6=0,0,(L6+M6)/(C6-O6)) -> 0 | Q6: =IF(L6+M6=0,0,L6/(L6+M6)) -> 0
A7: Mentee | B7: =SUMPRODUCT((Mentee!$B$2:$B$1000<>"")/COUNTIF(Mentee!$B$2:$B$1000,Mentee!$B$2:$B$1000&"")) -> 17 | C7: =COUNTA(Mentee!$A$2:$A$1000) -> 118 | D7: =COUNTIF(Mentee!$F$2:$F$1000,"Happy") -> 25 | E7: =COUNTIF(Mentee!$F$2:$F$1000,"Negative") -> 39 | F7: =COUNTIF(Mentee!$F$2:$F$1000,"Edge") -> 40 | G7: =COUNTIF(Mentee!$F$2:$F$1000,"Security") -> 14 | H7: =COUNTIF(Mentee!$I$2:$I$1000,"P1") -> 40 | I7: =COUNTIF(Mentee!$I$2:$I$1000,"P2") -> 47 | J7: =COUNTIF(Mentee!$I$2:$I$1000,"P3") -> 31 | K7: =COUNTIF(Mentee!$K$2:$K$1000,"Not Run") -> 118 | L7: =COUNTIF(Mentee!$K$2:$K$1000,"Pass") -> 0 | M7: =COUNTIF(Mentee!$K$2:$K$1000,"Fail") -> 0 | N7: =COUNTIF(Mentee!$K$2:$K$1000,"Blocked") -> 0 | O7: =COUNTIF(Mentee!$K$2:$K$1000,"N/A") -> 0 | P7: =IF(C7-O7=0,0,(L7+M7)/(C7-O7)) -> 0 | Q7: =IF(L7+M7=0,0,L7/(L7+M7)) -> 0
A8: Program Review | B8: =SUMPRODUCT(('Program Review'!$B$2:$B$1000<>"")/COUNTIF('Program Review'!$B$2:$B$1000,'Program Review'!$B$2:$B$1000&"")) -> 8 | C8: =COUNTA('Program Review'!$A$2:$A$1000) -> 25 | D8: =COUNTIF('Program Review'!$F$2:$F$1000,"Happy") -> 3 | E8: =COUNTIF('Program Review'!$F$2:$F$1000,"Negative") -> 8 | F8: =COUNTIF('Program Review'!$F$2:$F$1000,"Edge") -> 8 | G8: =COUNTIF('Program Review'!$F$2:$F$1000,"Security") -> 6 | H8: =COUNTIF('Program Review'!$I$2:$I$1000,"P1") -> 12 | I8: =COUNTIF('Program Review'!$I$2:$I$1000,"P2") -> 8 | J8: =COUNTIF('Program Review'!$I$2:$I$1000,"P3") -> 5 | K8: =COUNTIF('Program Review'!$K$2:$K$1000,"Not Run") -> 25 | L8: =COUNTIF('Program Review'!$K$2:$K$1000,"Pass") -> 0 | M8: =COUNTIF('Program Review'!$K$2:$K$1000,"Fail") -> 0 | N8: =COUNTIF('Program Review'!$K$2:$K$1000,"Blocked") -> 0 | O8: =COUNTIF('Program Review'!$K$2:$K$1000,"N/A") -> 0 | P8: =IF(C8-O8=0,0,(L8+M8)/(C8-O8)) -> 0 | Q8: =IF(L8+M8=0,0,L8/(L8+M8)) -> 0
A9: BFF API | B9: =SUMPRODUCT(('BFF API'!$B$2:$B$1000<>"")/COUNTIF('BFF API'!$B$2:$B$1000,'BFF API'!$B$2:$B$1000&"")) -> 13 | C9: =COUNTA('BFF API'!$A$2:$A$1000) -> 41 | D9: =COUNTIF('BFF API'!$F$2:$F$1000,"Happy") -> 1 | E9: =COUNTIF('BFF API'!$F$2:$F$1000,"Negative") -> 12 | F9: =COUNTIF('BFF API'!$F$2:$F$1000,"Edge") -> 10 | G9: =COUNTIF('BFF API'!$F$2:$F$1000,"Security") -> 18 | H9: =COUNTIF('BFF API'!$I$2:$I$1000,"P1") -> 20 | I9: =COUNTIF('BFF API'!$I$2:$I$1000,"P2") -> 13 | J9: =COUNTIF('BFF API'!$I$2:$I$1000,"P3") -> 8 | K9: =COUNTIF('BFF API'!$K$2:$K$1000,"Not Run") -> 41 | L9: =COUNTIF('BFF API'!$K$2:$K$1000,"Pass") -> 0 | M9: =COUNTIF('BFF API'!$K$2:$K$1000,"Fail") -> 0 | N9: =COUNTIF('BFF API'!$K$2:$K$1000,"Blocked") -> 0 | O9: =COUNTIF('BFF API'!$K$2:$K$1000,"N/A") -> 0 | P9: =IF(C9-O9=0,0,(L9+M9)/(C9-O9)) -> 0 | Q9: =IF(L9+M9=0,0,L9/(L9+M9)) -> 0
A10: Total | B10: =SUM(B5:B9) -> 77 | C10: =SUM(C5:C9) -> 483 | D10: =SUM(D5:D9) -> 110 | E10: =SUM(E5:E9) -> 158 | F10: =SUM(F5:F9) -> 150 | G10: =SUM(G5:G9) -> 65 | H10: =SUM(H5:H9) -> 178 | I10: =SUM(I5:I9) -> 180 | ... O10: =SUM(O5:O9) -> 0 | P10: =IF(C10-O10=0,0,(L10+M10)/(C10-O10)) -> 0 | Q10: =IF(L10+M10=0,0,L10/(L10+M10)) -> 0
A12: Findings
A13: Total findings | B13: =COUNTA(Findings!$A$2:$A$500) -> 33
A14: Open findings | B14: =COUNTIF(Findings!$G$2:$G$500,"Open") -> 33
A15: Open questions | B15: =COUNTIF('Open Questions'!$E$2:$E$500,"Open") -> 31
A16: Endpoints | B16: =COUNTA(Endpoints!$A$2:$A$500) -> 61

Sheet Admin
A1: Scenario ID | B1: UC ID | C1: Use Case | D1: Actor | E1: Preconditions | F1: Type | G1: Scenario / Steps | H1: Expected Result | I1: Priority | J1: Code Ref (apps/lfx-one/src/...) | K1: Status | L1: Tester | M1: Date | N1: Jira / Bug | O1: Notes
A2: ADM-01-01 | B2: ADM-01 | C2: Access the Mentorship admin area | D2: Any signed-in user | E2: LaunchDarkly flag mentorship-enabled state varies | F2: Happy | G2: Flag ON; open /mentorship | H2: Redirects to /mentorship/admin; "Admin" header and "Enroll a Program" button visible | I2: P1 | J2: app/shared/guards/mentorship-enabled.guard.ts; app/modules/mentorship/mentorship.routes.ts | K2: Not Run
A3: ADM-01-02 | B3: ADM-01 | C3: Access the Mentorship admin area | D3: Any signed-in user | E3: LaunchDarkly flag mentorship-enabled state varies | F3: Negative | G3: Flag OFF; open /mentorship/admin | H3: Redirected to / (fails closed) | I3: P2 | J3: app/shared/guards/mentorship-enabled.guard.ts; app/modules/mentorship/mentorship.routes.ts | K3: Not Run
A4: ADM-01-03 | B4: ADM-01 | C4: Access the Mentorship admin area | D4: Any signed-in user | E4: LaunchDarkly flag mentorship-enabled state varies | F4: Edge | G4: LaunchDarkly unreachable or slow to initialise; open /mentorship/admin | H4: Redirected to / (fails closed) | I4: P3 | J4: app/shared/guards/mentorship-enabled.guard.ts; app/modules/mentorship/mentorship.routes.ts | K4: Not Run
A5: ADM-01-04 | B5: ADM-01 | C5: Access the Mentorship admin area | D5: Any signed-in user | E5: LaunchDarkly flag mentorship-enabled state varies | F5: Edge | G5: Non-prod: set localStorage lfx-feature-flag-overrides = {"mentorship-enabled":false} while LD says true | H5: Override wins; redirected to / | I5: P3 | J5: app/shared/guards/mentorship-enabled.guard.ts; app/modules/mentorship/mentorship.routes.ts | K5: Not Run
A6: ADM-01-05 | B6: ADM-01 | C6: Access the Mentorship admin area | D6: Any signed-in user | E6: LaunchDarkly flag mentorship-enabled state varies | F6: Security | G6: Flag OFF; call GET /api/mentorship/admin/programs directly with a valid session | H6: Still returns 200 (flag is UI-only) - confirm this is accepted by product | I6: P1 | J6: app/shared/guards/mentorship-enabled.guard.ts; app/modules/mentorship/mentorship.routes.ts | K6: Not Run
A7: ADM-01-06 | B7: ADM-01 | C7: Access the Mentorship admin area | D7: Any signed-in user | E7: LaunchDarkly flag mentorship-enabled state varies | F7: Security | G7: No session; call GET /api/mentorship/admin/programs | H7: 401 JSON; no upstream call | I7: P1 | J7: app/shared/guards/mentorship-enabled.guard.ts; app/modules/mentorship/mentorship.routes.ts | K7: Not Run
A8: ADM-02-01 | B8: ADM-02 | C8: Programs list - load, search, filter, load more | D8: Program admin | E8: Signed in; manages >= 1 program | F8: Happy | G8: Open /mentorship/admin | H8: Cards for programs the user administers, sorted by name; each shows logo or initial avatar, project name, status badge, name, Mentors/Mentees/Graduated counts | I8: P1 | J8: app/modules/mentorship/admin/admin.component.ts; admin/components/programs-list/programs-list.component.ts; server/controllers/mentorship-admin.controller.ts | K8: Not Run
A9: ADM-02-02 | B9: ADM-02 | C9: Programs list - load, search, filter, load more | D9: Program admin | E9: Signed in; manages >= 1 program | F9: Happy | G9: Type in search box | H9: Debounced ~200 ms; matches program OR project name case-insensitively | I9: P1 | J9: app/modules/mentorship/admin/admin.component.ts; admin/components/programs-list/programs-list.component.ts; server/controllers/mentorship-admin.controller.ts | K9: Not Run
A10: ADM-02-03 | B10: ADM-02 | C10: Programs list - load, search, filter, load more | D10: Program admin | E10: Signed in; manages >= 1 program | F10: Happy | G10: Pick each status in filter (Open, Pending Review, Completed, Rejected, Hidden), then clear with x | H10: List filters to that status; clearing restores all | I10: P1 | J10: app/modules/mentorship/admin/admin.component.ts; admin/components/programs-list/programs-list.component.ts; server/controllers/mentorship-admin.controller.ts | K10: Not Run
A11: ADM-02-04 | B11: ADM-02 | C11: Programs list - load, search, filter, load more | D11: Program admin | E11: Signed in; manages >= 1 program | F11: Happy | G11: Manage > 12 programs; click Load more | H11: Next page of 12 appended; Load more hidden once all loaded | I11: P1 | J11: app/modules/mentorship/admin/admin.component.ts; admin/components/programs-list/programs-list.component.ts; server/controllers/mentorship-admin.controller.ts | K11: Not Run
A12: ADM-02-05 | B12: ADM-02 | C12: Programs list - load, search, filter, load more | D12: Program admin | E12: Signed in; manages >= 1 program | F12: Edge | G12: User manages no programs | H12: Empty state "No programs yet / Enroll a program to get started." | I12: P3 | J12: app/modules/mentorship/admin/admin.component.ts; admin/components/programs-list/programs-list.component.ts; server/controllers/mentorship-admin.controller.ts | K12: Not Run
A13: ADM-02-06 | B13: ADM-02 | C13: Programs list - load, search, filter, load more | D13: Program admin | E13: Signed in; manages >= 1 program | F13: Edge | G13: Filters active with no match | H13: "No programs match your filters." | I13: P3 | J13: app/modules/mentorship/admin/admin.component.ts; admin/components/programs-list/programs-list.component.ts; server/controllers/mentorship-admin.controller.ts | K13: Not Run
... A190: ADM-23-10 | B190: ADM-23 | C190: Edit Program | D190: Program admin | E190: Admin of program | F190: Edge | G190: Edit on rejected / hidden program | H190: Edit offered for every status (finding F-06) - confirm expected | I190: P2 | J190: enroll-program.component.ts (submitUpdate, failUpdate); server/services/mentorship-admin.service.ts | K190: Not Run

Sheet Mentor
A1: Scenario ID | B1: UC ID | C1: Use Case | D1: Actor | E1: Preconditions | F1: Type | G1: Scenario / Steps | H1: Expected Result | I1: Priority | J1: Code Ref (apps/lfx-one/src/...) | K1: Status | L1: Tester | M1: Date | N1: Jira / Bug | O1: Notes
A2: MTR-01-01 | B2: MTR-01 | C2: Answer mentor invitation from email link | D2: Invited user | E2: Signed in; flag on; invite token in URL | F2: Happy | G2: Open /mentorship/mentor/invites?token=<valid>; click Accept | H2: POST /mentor/invites/accept; "Invitation accepted" state with "Go to My Programs"; program appears in My Programs | I2: P1 | J2: app/modules/mentorship/mentor/mentor-invite/* | K2: Not Run
A3: MTR-01-02 | B3: MTR-01 | C3: Answer mentor invitation from email link | D3: Invited user | E3: Signed in; flag on; invite token in URL | F3: Happy | G3: Click Decline | H3: No confirmation; "Invitation declined" state; button goes to /mentorship/mentor/programs | I3: P1 | J3: app/modules/mentorship/mentor/mentor-invite/* | K3: Not Run
A4: MTR-01-03 | B4: MTR-01 | C4: Answer mentor invitation from email link | D4: Invited user | E4: Signed in; flag on; invite token in URL | F4: Security | G4: Open link only (no click) | H4: No API request sent (safe against mail-scanner prefetch) | I4: P1 | J4: app/modules/mentorship/mentor/mentor-invite/* | K4: Not Run
A5: MTR-01-04 | B5: MTR-01 | C5: Answer mentor invitation from email link | D5: Invited user | E5: Signed in; flag on; invite token in URL | F5: Negative | G5: Token missing, blank, malformed, or > 512 chars | H5: "This invitation link can't be used" immediately; no API call | I5: P2 | J5: app/modules/mentorship/mentor/mentor-invite/* | K5: Not Run
A6: MTR-01-05 | B6: MTR-01 | C6: Answer mentor invitation from email link | D6: Invited user | E6: Signed in; flag on; invite token in URL | F6: Negative | G6: Expired or already answered token (upstream 400/409) | H6: Invalid-link state | I6: P2 | J6: app/modules/mentorship/mentor/mentor-invite/* | K6: Not Run
A7: MTR-01-06 | B7: MTR-01 | C7: Answer mentor invitation from email link | D7: Invited user | E7: Signed in; flag on; invite token in URL | F7: Security | G7: Token belongs to another account (upstream 403) | H7: "This invitation is for a different account" | I7: P1 | J7: app/modules/mentorship/mentor/mentor-invite/* | K7: Not Run
A8: MTR-01-07 | B8: MTR-01 | C8: Answer mentor invitation from email link | D8: Invited user | E8: Signed in; flag on; invite token in URL | F8: Security | G8: While impersonating | H8: "You're viewing as another user" read-only state | I8: P1 | J8: app/modules/mentorship/mentor/mentor-invite/* | K8: Not Run
A9: MTR-01-08 | B9: MTR-01 | C9: Answer mentor invitation from email link | D9: Invited user | E9: Signed in; flag on; invite token in URL | F9: Negative | G9: 5xx / network error | H9: "Something went wrong" with Try again (back to choice, no reload) | I9: P2 | J9: app/modules/mentorship/mentor/mentor-invite/* | K9: Not Run
A10: MTR-01-09 | B10: MTR-01 | C10: Answer mentor invitation from email link | D10: Invited user | E10: Signed in; flag on; invite token in URL | F10: Edge | G10: One button loading | H10: Other button disabled; leaving page doesn't cancel; changing ?token= resets state | I10: P3 | J10: app/modules/mentorship/mentor/mentor-invite/* | K10: Not Run
A11: MTR-01-10 | B11: MTR-01 | C11: Answer mentor invitation from email link | D11: Invited user | E11: Signed in; flag on; invite token in URL | F11: Security | G11: Server logs | H11: Invite token redacted in page URL and upstream path | I11: P1 | J11: app/modules/mentorship/mentor/mentor-invite/* | K11: Not Run
A12: MTR-02-01 | B12: MTR-02 | C12: Register as a mentor | D12: User without mentor profile | E12: Flag on; no mentor profile | F12: Happy | G12: Fill introduction, >= 1 skill, tick compliance and terms, Submit | H12: POST /mentor/profile 204; toast "Profile created"; picked programs requested; lands on My Programs | I12: P1 | J12: mentor/mentor-register/*; packages/shared/src/utils/mentorship.utils.ts | K12: Not Run
A13: MTR-02-02 | B13: MTR-02 | C13: Register as a mentor | D13: User without mentor profile | E13: Flag on; no mentor profile | F13: Negative | G13: Submit empty form | H13: "Introduction is required.", "Add at least one skill.", "Please confirm the compliance statement.", "Please accept the terms and conditions."; warn toast "Check your registration" | I13: P2 | J13: mentor/mentor-register/*; packages/shared/src/utils/mentorship.utils.ts | K13: Not Run
... A111: MTR-16-05 | B111: MTR-16 | C111: Reviewer note (mentor) | D111: Mentor | E111: Applicant/mentee row | F111: Negative | G111: API: > 2000 chars or non-string | H111: 400 | I111: P2 | J111: components/mentee-note-dialog/*; services/mentor-note-save.service.ts | K111: Not Run

Sheet Mentee
A1: Scenario ID | B1: UC ID | C1: Use Case | D1: Actor | E1: Preconditions | F1: Type | G1: Scenario / Steps | H1: Expected Result | I1: Priority | J1: Code Ref (apps/lfx-one/src/...) | K1: Status | L1: Tester | M1: Date | N1: Jira / Bug | O1: Notes
A2: MTE-01-01 | B2: MTE-01 | C2: Register as mentee - happy path and validation | D2: User without mentee profile | E2: Flag on | F2: Happy | G2: Fill all required fields > Submit | H2: POST /mentee/profile 204; toast "Profile created / Your mentee profile has been saved."; lands on /mentee/overview | I2: P1 | J2: mentee/mentee-register/*; server/helpers/mentorship-mentee-register.helper.ts; packages/shared/src/utils/mentorship.utils.ts | K2: Not Run
A3: MTE-01-02 | B3: MTE-01 | C3: Register as mentee - happy path and validation | D3: User without mentee profile | E3: Flag on | F3: Negative | G3: Submit empty form | H3: All errors shown; warn toast with first error | I3: P2 | J3: mentee/mentee-register/*; server/helpers/mentorship-mentee-register.helper.ts; packages/shared/src/utils/mentorship.utils.ts | K3: Not Run
A4: MTE-01-03 | B4: MTE-01 | C4: Register as mentee - happy path and validation | D4: User without mentee profile | E4: Flag on | F4: Negative | G4: Introduction empty / > 3000 plain chars / raw HTML > 18000 | H4: Required / too long / "too much formatting" | I4: P2 | J4: mentee/mentee-register/*; server/helpers/mentorship-mentee-register.helper.ts; packages/shared/src/utils/mentorship.utils.ts | K4: Not Run
A5: MTE-01-04 | B5: MTE-01 | C5: Register as mentee - happy path and validation | D5: User without mentee profile | E5: Flag on | F5: Negative | G5: Skills you have or skills you want empty | H5: "Add at least one skill..." | I5: P2 | J5: mentee/mentee-register/*; server/helpers/mentorship-mentee-register.helper.ts; packages/shared/src/utils/mentorship.utils.ts | K5: Not Run
A6: MTE-01-05 | B6: MTE-01 | C6: Register as mentee - happy path and validation | D6: User without mentee profile | E6: Flag on | F6: Negative | G6: > 100 skills or a skill > 300 chars | H6: Limit message | I6: P2 | J6: mentee/mentee-register/*; server/helpers/mentorship-mentee-register.helper.ts; packages/shared/src/utils/mentorship.utils.ts | K6: Not Run
A7: MTE-01-06 | B7: MTE-01 | C7: Register as mentee - happy path and validation | D7: User without mentee profile | E7: Flag on | F7: Negative | G7: Additional notes > 1000 chars | H7: Blocked by maxlength | I7: P2 | J7: mentee/mentee-register/*; server/helpers/mentorship-mentee-register.helper.ts; packages/shared/src/utils/mentorship.utils.ts | K7: Not Run
A8: MTE-01-07 | B8: MTE-01 | C8: Register as mentee - happy path and validation | D8: User without mentee profile | E8: Flag on | F8: Negative | G8: Country empty or not in list | H8: "Select a country from the list." | I8: P2 | J8: mentee/mentee-register/*; server/helpers/mentorship-mentee-register.helper.ts; packages/shared/src/utils/mentorship.utils.ts | K8: Not Run
A9: MTE-01-08 | B9: MTE-01 | C9: Register as mentee - happy path and validation | D9: User without mentee profile | E9: Flag on | F9: Negative | G9: Any of ageEligible, workAuthorized, noDuplicateProfile, complianceAccepted, termsAccepted unticked | H9: Specific message per checkbox (e.g. "Please confirm you are 18 years of age or older.") | I9: P2 | J9: mentee/mentee-register/*; server/helpers/mentorship-mentee-register.helper.ts; packages/shared/src/utils/mentorship.utils.ts | K9: Not Run
A10: MTE-01-09 | B10: MTE-01 | C10: Register as mentee - happy path and validation | D10: User without mentee profile | E10: Flag on | F10: Edge | G10: Errors before first submit | H10: Hidden until first submit; after server 400 they clear on next edit | I10: P3 | J10: mentee/mentee-register/*; server/helpers/mentorship-mentee-register.helper.ts; packages/shared/src/utils/mentorship.utils.ts | K10: Not Run
A11: MTE-01-10 | B11: MTE-01 | C11: Register as mentee - happy path and validation | D11: User without mentee profile | E11: Flag on | F11: Edge | G11: Skills picker: blank input, case-insensitive duplicate, remove chip, custom skill | H11: Add disabled for blank; duplicate ignored; chip removed; custom allowed | I11: P3 | J11: mentee/mentee-register/*; server/helpers/mentorship-mentee-register.helper.ts; packages/shared/src/utils/mentorship.utils.ts | K11: Not Run
A12: MTE-01-11 | B12: MTE-01 | C12: Register as mentee - happy path and validation | D12: User without mentee profile | E12: Flag on | F12: Edge | G12: While submitting | H12: Fields and profile card inert | I12: P3 | J12: mentee/mentee-register/*; server/helpers/mentorship-mentee-register.helper.ts; packages/shared/src/utils/mentorship.utils.ts | K12: Not Run
A13: MTE-01-12 | B13: MTE-01 | C13: Register as mentee - happy path and validation | D13: User without mentee profile | E13: Flag on | F13: Negative | G13: API: non-boolean flags; unknown demographics key/value; lfxProfile.logoUrl not https | H13: 400 | I13: P2 | J13: mentee/mentee-register/*; server/helpers/mentorship-mentee-register.helper.ts; packages/shared/src/utils/mentorship.utils.ts | K13: Not Run
... A119: MTE-17-05 | B119: MTE-17 | C119: Mentee shell, tabs and cache | D119: Mentee | E119: Profile exists | F119: Edge | G119: No profile; open /mentee/profile and click Edit | H119: No guard; PATCH 404 "We could not find your mentee profile" (finding F-16) | I119: P2 | J119: mentee/mentee-page; app/shared/services/mentorship-mentee.service.ts | K119: Not Run

Sheet Program Review
A1: Scenario ID | B1: UC ID | C1: Use Case | D1: Actor | E1: Preconditions | F1: Type | G1: Scenario / Steps | H1: Expected Result | I1: Priority | J1: Code Ref (apps/lfx-one/src/...) | K1: Status | L1: Tester | M1: Date | N1: Jira / Bug | O1: Notes
A2: PR-01-01 | B2: PR-01 | C2: Approve a program | D2: Approver team member | E2: Program pending; email review link | F2: Happy | G2: Open /mentorship/program-review/<id>?decision=approve > Confirm | H2: "Approve this program?" with name; one POST {decision:'approve'}; "Program approved"; upstream status published; program visible to mentors/mentees | I2: P1 | J2: app/modules/mentorship/program-review/program-review.component.ts; server/services/mentorship.service.ts | K2: Not Run
A3: PR-01-02 | B3: PR-01 | C3: Approve a program | D3: Approver team member | E3: Program pending; email review link | F3: Security | G3: Open link only | H3: Only GET; no POST (mail-scanner safe) | I3: P1 | J3: app/modules/mentorship/program-review/program-review.component.ts; server/services/mentorship.service.ts | K3: Not Run
A4: PR-01-03 | B4: PR-01 | C4: Approve a program | D4: Approver team member | E4: Program pending; email review link | F4: Edge | G4: Double-click Confirm | H4: Exactly one POST | I4: P3 | J4: app/modules/mentorship/program-review/program-review.component.ts; server/services/mentorship.service.ts | K4: Not Run
A5: PR-01-04 | B5: PR-01 | C5: Approve a program | D5: Approver team member | E5: Program pending; email review link | F5: Negative | G5: Cancel | H5: Goes to /mentorship/admin; nothing recorded | I5: P2 | J5: app/modules/mentorship/program-review/program-review.component.ts; server/services/mentorship.service.ts | K5: Not Run
A6: PR-01-05 | B6: PR-01 | C6: Approve a program | D6: Approver team member | E6: Program pending; email review link | F6: Happy | G6: Admin list after approval | H6: Card status changes Pending Review -> Open | I6: P1 | J6: app/modules/mentorship/program-review/program-review.component.ts; server/services/mentorship.service.ts | K6: Not Run
A7: PR-02-01 | B7: PR-02 | C7: Reject a program | D7: Approver team member | E7: Program pending | F7: Happy | G7: ?decision=reject > Confirm | H7: Red "Reject" button; "Program rejected"; upstream status rejected; admin sees Rejected | I7: P1 | J7: program-review.component.ts | K7: Not Run
A8: PR-03-01 | B8: PR-03 | C8: Invalid review link | D8: Any signed-in user | E8: - | F8: Negative | G8: No decision / decision=publish / decision=APPROVE / empty | H8: "This review link is not valid"; no API call | I8: P2 | J8: program-review.component.ts; server/controllers/mentorship.controller.ts (parseReviewProgramId) | K8: Not Run
A9: PR-03-02 | B9: PR-03 | C9: Invalid review link | D9: Any signed-in user | E9: - | F9: Negative | G9: programId slug, non-UUID, whitespace-padded | H9: Invalid-link on client; direct BFF call 400 {errors:{programId}} | I9: P2 | J9: program-review.component.ts; server/controllers/mentorship.controller.ts (parseReviewProgramId) | K9: Not Run
A10: PR-03-03 | B10: PR-03 | C10: Invalid review link | D10: Any signed-in user | E10: - | F10: Negative | G10: API: body {decision:'published'}, {}, missing, numeric | H10: 400 "decision must be one of: approve, reject"; nothing upstream | I10: P2 | J10: program-review.component.ts; server/controllers/mentorship.controller.ts (parseReviewProgramId) | K10: Not Run
A11: PR-04-01 | B11: PR-04 | C11: Already decided program | D11: Approver | E11: Program not pending | F11: Edge | G11: Link to published / rejected / hidden program | H11: "This program has already been reviewed" with current status | I11: P3 | J11: program-review.component.ts | K11: Not Run
A12: PR-04-02 | B12: PR-04 | C12: Already decided program | D12: Approver | E12: Program not pending | F12: Edge | G12: Two approvers race | H12: Second Confirm 409 "Another reviewer decided this program before you confirmed." | I12: P1 | J12: program-review.component.ts | K12: Not Run
A13: PR-04-03 | B13: PR-04 | C13: Already decided program | D13: Approver | E13: Program not pending | F13: Edge | G13: Approve then reload link | H13: Already-decided with Approved | I13: P3 | J13: program-review.component.ts | K13: Not Run
... A26: PR-08-06 | B26: PR-08 | C26: Review page - impersonation, session, flag, CSRF | D26: Approver | E26: - | F26: Security | G26: Cross-site form POST to /program-review/:id/decision | H26: No session cookie sent (SameSite=Lax) -> 401; no CSRF token exists | I26: P1 | J26: server/routes/mentorship.route.ts; server/middleware/auth.middleware.ts | K26: Not Run

Sheet BFF API
A1: Scenario ID | B1: UC ID | C1: Use Case | D1: Actor | E1: Preconditions | F1: Type | G1: Scenario / Steps | H1: Expected Result | I1: Priority | J1: Code Ref (apps/lfx-one/src/...) | K1: Status | L1: Tester | M1: Date | N1: Jira / Bug | O1: Notes
A2: BFF-01-01 | B2: BFF-01 | C2: Authentication on all /api/mentorship/* endpoints | D2: API client | E2: - | F2: Security | G2: No cookie / no session | H2: 401 JSON; no upstream call | I2: P1 | J2: server/server.ts; server/middleware/auth.middleware.ts | K2: Not Run
A3: BFF-01-02 | B3: BFF-01 | C3: Authentication on all /api/mentorship/* endpoints | D3: API client | E3: - | F3: Security | G3: Expired access token with valid refresh token | H3: Silent refresh; 200 | I3: P1 | J3: server/server.ts; server/middleware/auth.middleware.ts | K3: Not Run
A4: BFF-01-03 | B4: BFF-01 | C4: Authentication on all /api/mentorship/* endpoints | D4: API client | E4: - | F4: Security | G4: Expired token and refresh fails | H4: 401 for API; SSR GET logs user out | I4: P1 | J4: server/server.ts; server/middleware/auth.middleware.ts | K4: Not Run
A5: BFF-01-04 | B5: BFF-01 | C5: Authentication on all /api/mentorship/* endpoints | D5: API client | E5: - | F5: Security | G5: Tampered appSession cookie | H5: 401 | I5: P1 | J5: server/server.ts; server/middleware/auth.middleware.ts | K5: Not Run
A6: BFF-02-01 | B6: BFF-02 | C6: Role enforcement (upstream) | D6: Users with wrong role | E6: Test users: admin, mentor, mentee, approver, no-role | F6: Security | G6: Run every endpoint in Endpoints sheet as a user without the required role | H6: Upstream 403/404 passed through unchanged; no data leaked; no state change | I6: P1 | J6: All mentorship*.route.ts (see Endpoints sheet) | K6: Not Run
A7: BFF-02-02 | B7: BFF-02 | C7: Role enforcement (upstream) | D7: Users with wrong role | E7: Test users: admin, mentor, mentee, approver, no-role | F7: Security | G7: Non-admin GET /admin/programs/<other UUID> | H7: 403 or 404 | I7: P1 | J7: All mentorship*.route.ts (see Endpoints sheet) | K7: Not Run
A8: BFF-02-03 | B8: BFF-02 | C8: Role enforcement (upstream) | D8: Users with wrong role | E8: Test users: admin, mentor, mentee, approver, no-role | F8: Security | G8: Mentor endpoint for program not mentored | H8: 404 | I8: P1 | J8: All mentorship*.route.ts (see Endpoints sheet) | K8: Not Run
A9: BFF-03-01 | B9: BFF-03 | C9: IDOR - access other users' records by id | D9: Two users of same role | E9: Two mentees, two mentors, admins of two programs | F9: Security | G9: Mentee A uses mentee B's applicationId on withdraw | H9: 403/404; no change | I9: P1 | J9: server/services/*mentorship* | K9: Not Run
A10: BFF-03-02 | B10: BFF-03 | C10: IDOR - access other users' records by id | D10: Two users of same role | E10: Two mentees, two mentors, admins of two programs | F10: Security | G10: Mentee A uses B's taskId on PATCH status / file upload / file delete / file download | H10: 403/404; no change | I10: P1 | J10: server/services/*mentorship* | K10: Not Run
A11: BFF-03-03 | B11: BFF-03 | C11: IDOR - access other users' records by id | D11: Two users of same role | E11: Two mentees, two mentors, admins of two programs | F11: Security | G11: Mentor X uses Y's requestId or invitationId | H11: 404 | I11: P1 | J11: server/services/*mentorship* | K11: Not Run
A12: BFF-03-04 | B12: BFF-03 | C12: IDOR - access other users' records by id | D12: Two users of same role | E12: Two mentees, two mentors, admins of two programs | F12: Security | G12: Admin of P1 calls /admin/programs/P1/terms/<term of P2> or /mentors/<member of P2> | H12: Must be rejected by upstream (BFF only checks UUID) - finding F-30 | I12: P1 | J12: server/services/*mentorship* | K12: Not Run
A13: BFF-03-05 | B13: BFF-03 | C13: IDOR - access other users' records by id | D13: Two users of same role | E13: Two mentees, two mentors, admins of two programs | F13: Security | G13: PATCH /me/lfx-profile with another user's email in body | H13: Email ignored; only caller's rows patched | I13: P1 | J13: server/services/*mentorship* | K13: Not Run
... A42: BFF-13-03 | B42: BFF-13 | C42: Downloads | D42: API client | E42: Task with file; program with mentees | F42: Edge | G42: CSV export none / over cap | H42: 204 / X-Export-Truncated; Cache-Control private, no-store | I42: P3 | J42: server/controllers/mentorship-task.controller.ts; mentorship-admin.controller.ts | K42: Not Run

Sheet Findings
A1: ID | B1: Area | C1: Type | D1: Description | E1: Code Ref | F1: Suggested Action | G1: Status | H1: Owner | I1: Jira | J1: Resolution
A2: F-01 | B2: Admin | C2: Possible bug | D2: BFF term routes allow applicationEnd == applicationStart (single-day window); UI requires end > start. Single-day window only creatable via API. | E2: server/helpers/mentorship-admin-term.helper.ts | F2: Align rule in BFF and UI | G2: Open
A3: F-02 | B3: Admin | C3: Possible bug | D3: POST /admin/programs only checks term dates are non-empty (no format/order check) and doesn't check name length; bad data reaches upstream. | E3: server/helpers/mentorship-enroll.helper.ts | F3: Verify upstream rejects; consider BFF validation | G3: Open
A4: F-03 | B4: Admin | C4: Possible bug | D4: Create sends term dates as YYYY-MM-DD (end moved to end of month); update/term routes send RFC 3339 end-of-day UTC. Stored end times may differ. | E4: mentorship-enroll.helper.ts; mentorship-admin-term.helper.ts | F4: Compare stored values for created vs edited terms | G4: Open
A5: F-04 | B5: Admin | C5: UX gap | D5: Every invite 400 shows 'Mentors can only be invited to a published program', including BFF validation 400s (e.g. LFID > 100 chars). | E5: mentors-tab.component.ts | F5: Map BFF validation 400 separately | G5: Open
A6: F-05 | B6: Admin | C6: UX gap | D6: Non-UUID program id shows generic load error instead of 'Program not found'. | E6: program-detail.component.ts | F6: Map 400 to not-found | G6: Open
A7: F-06 | B7: Admin | C7: Question | D7: Edit Program shown for every status incl. rejected and hidden; no client gate. | E7: program-detail-header.component.ts | F7: Confirm expected | G7: Open
A8: F-07 | B8: Admin | C8: Race condition | D8: Open-term count pre-check and name-taken check are separate from the write; concurrent requests can both pass. | E8: server/services/mentorship-admin.service.ts | F8: Confirm upstream enforces limits atomically | G8: Open
A9: F-08 | B9: Mentor | C9: Race condition | D9: Mentor register checks for existing profile and then writes in two calls; two simultaneous submits can both pass. Same for profile edit when skills change. | E9: server/services/mentorship-mentor.service.ts | F9: Confirm upstream uniqueness | G9: Open
A10: F-09 | B10: Mentor | C10: Question | D10: Mentor program detail only reads open terms (type=current); past-term applicants and mentees not visible. | E10: server/services/mentorship-mentor.service.ts | F10: Confirm expected | G10: Open
A11: F-10 | B11: Mentor/Mentee | C11: UX gap | D11: Register Cancel (mentor and mentee) navigates to /mentorship/admin; /mentorship also redirects to admin for every user. | E11: mentor-register; mentee-register; mentorship.routes.ts | F11: Confirm intended landing | G11: Open
A12: F-11 | B12: Mentor | C12: UX gap | D12: Register program picker doesn't disable programs the user is already invited to; selecting one gives 409 after profile creation. | E12: mentor-programs-section | F12: Load invitations in register picker | G12: Open
A13: F-12 | B13: Mentor | C13: UX gap | D13: No guards on mentor shell tabs: user without mentor profile can open My Programs and Profile; Edit drawer save fails with 404. | E13: mentorship.routes.ts | F13: Add guard or empty-state CTA | G13: Open
... A34: F-33 | B34: BFF | C34: Test gap | D34: No mentorship-mentor.route.spec.ts (impersonation block on invites/* and invitations/* untested); mentorship-admin-term.helper.ts has no spec; no tests for 408/503 mapping, oversize JSON, rate limit, flag-off API. All existing unit specs mock upstream and the 45 mentorship E2E specs stub API responses, so no test exercises real lfx-mentorship. | E34: apps/lfx-one/src/server/** | F34: Prioritise these in manual/E2E QA | G34: Open

Sheet Open Questions
A1: # | B1: Area | C1: Question (backend / product behaviour not visible in lfx-self-serve) | D1: Ask | E1: Status | F1: Answer | G1: Affects scenarios
A2: 1 | B2: Admin | C2: Does /me/programs include admins who manage via a project-wide role? | D2: Backend | E2: Open
A3: 2 | B3: Admin | C3: Exact upstream 409/422 bodies for: cannot transition, term closed, close with accepted mentees, delete term with applications? | D3: Backend | E3: Open
A4: 3 | B4: Admin | C4: Does bulk-decline include legacy 'hold' applications? Does Past Mentees status=pending include hold? | D4: Backend | E4: Open
A5: 4 | B5: Admin | C5: Can terms be created/edited on a pending-review or rejected program? Can a rejected program be edited and resubmitted? | D5: Backend / Product | E5: Open
A6: 5 | B6: Admin | C6: Does logo upload check file content (magic bytes) or only Content-Type? | D6: Backend | E6: Open
A7: 6 | B7: Admin | C7: Does PATCH /programs/{id} with a terms array delete omitted open terms, and is it atomic? | D7: Backend | E7: Open
A8: 7 | B8: Admin | C8: What rules does upstream apply to create-time terms (4-term limit, single-day windows, date order)? | D8: Backend | E8: Open
A9: 8 | B9: Admin | C9: Are mentor-candidate results limited (e.g. 10)? Does an email search ever return emails? | D9: Backend | E9: Open
A10: 9 | B10: Admin | C10: Is file storage available in dev? Logo and task-file uploads return 503 when it isn't. | D10: DevOps | E10: Open
A11: 10 | B11: Mentor | C11: Can a user accept an invitation (link or in-app) without a mentor profile? | D11: Backend | E11: Open
A12: 11 | B12: Mentor | C12: Does upstream allow mentors to set completed/incomplete via plain PATCH /tasks/:id? | D12: Backend | E12: Open
A13: 12 | B13: Mentor | C13: When a mentor request is approved, how does it reach My Programs (needs published + active mentor)? | D13: Backend | E13: Open
... A32: 31 | B32: BFF | C32: Should there be a server-side kill switch for mentorship when the flag is off? | D32: Product / Eng lead | E32: Open

Sheet Endpoints
A1: # | B1: Method | C1: Path (under /api/mentorship) | D1: Controller | E1: Role enforced upstream | F1: Write (blocked when impersonating) | G1: Correct role | H1: Wrong role / IDOR | I1: Impersonation | J1: Notes
A2: 1 | B2: GET | C2: /programs/name-available?name&excludeProgramId | D2: MentorshipController.isProgramNameAvailable | E2: Any user | F2: No | G2: Not Run | H2: Not Run | I2: Not Run
A3: 2 | B3: GET | C3: /program-review/:programId | D3: getProgramReview | E3: Upstream viewer check | F3: No | G3: Not Run | H3: Not Run | I3: Not Run
A4: 3 | B4: POST | C4: /program-review/:programId/decision | D4: submitProgramDecision | E4: Approver team | F4: Yes | G4: Not Run | H4: Not Run | I4: Not Run
A5: 4 | B5: PATCH | C5: /me/lfx-profile | D5: syncLfxProfile | E5: Self | F5: Yes | G5: Not Run | H5: Not Run | I5: Not Run
A6: 5 | B6: GET | C6: /lf-projects?search&page_token&page_size | D6: getLfProjects | E6: Any user | F6: No | G6: Not Run | H6: Not Run | I6: Not Run
A7: 6 | B7: GET | C7: /cii/:projectId | D7: getCiiBadge | E7: Any user | F7: No | G7: Not Run | H7: Not Run | I7: Not Run
A8: 7 | B8: GET | C8: /admin/programs | D8: MentorshipAdminController.getPrograms | E8: Caller's administered programs | F8: No | G8: Not Run | H8: Not Run | I8: Not Run
A9: 8 | B9: GET | C9: /admin/programs/:programId | D9: getProgram | E9: Program admin | F9: No | G9: Not Run | H9: Not Run | I9: Not Run
A10: 9 | B10: GET | C10: /admin/programs/:programId/enroll-template | D10: getEnrollTemplate | E10: Program admin | F10: No | G10: Not Run | H10: Not Run | I10: Not Run
A11: 10 | B11: GET | C11: /admin/programs/:programId/mentees | D11: getProgramMentees | E11: Program admin | F11: No | G11: Not Run | H11: Not Run | I11: Not Run
A12: 11 | B12: GET | C12: /admin/programs/:programId/mentees/export | D12: exportProgramMentees | E12: Program admin | F12: No | G12: Not Run | H12: Not Run | I12: Not Run
A13: 12 | B13: GET | C13: /admin/programs/:programId/mentors | D13: getProgramMentors | E13: Program admin | F13: No | G13: Not Run | H13: Not Run | I13: Not Run
... A62: 61 | B62: GET | C62: /tasks/:taskId/file | D62: downloadTaskFile | E62: Assignee or reviewers | F62: No | G62: Not Run | H62: Not Run | I62: Not Run
